empresa,cargo,ubicacion,area,estado,fecha_publicacion,fecha_cierre,link,notas,match
Ingeniería Cuatro S.A.,Especialista hidráulico,"Valparaíso, Valparaíso",Hidráulica / Sanitaria,Por postular,2026-09-05,,https://cl.linkedin.com/jobs/view/especialista-hidr%C3%A1ulico-at-ingenier%C3%ADa-cuatro-s-a-4463777478,"Publicado hace 24 días. Verificado activo el 2026-09-29 (35 postulantes). Pide 5 años: encaje directo. Licitación de infraestructura con alcantarillas, colectores de aguas lluvias, drenaje y redes de agua potable/alcantarillado; encaje directo con tu experiencia en obras hidráulicas y agua potable. Dedicación 21 meses.",Alto
Aguas Antofagasta,"Ingeniero(a) en Construcción, Ingeniero(a) Civil o Mecánico - Antofagasta (Mantenimiento Infraestructura Sanitaria)","Antofagasta, Antofagasta",Infraestructura Sanitaria / Administración de Contratos,Por postular,2026-09-05,,https://cl.linkedin.com/jobs/view/ingeniero-a-mantenimiento-de-infraestructura-sanitaria-y-contratos-antofagasta-at-aguas-antofagasta-4463768537,"Publicado hace 24 días. Verificado activo el 2026-09-29 (LinkedIn renombró el título, pero es la misma vacante: contratos de mantenimiento de infraestructura sanitaria). Pide mínimo 2 años: encaje directo. Supervisión y administración de contratos de mantenimiento de infraestructura sanitaria en Antofagasta; encaje con tu experiencia en agua potable y obras hidráulicas.",Medio
Grupo Tawa,Ingeniero de Proyecto / de Drenaje,"Providencia, Santiago",Hidráulica / Drenaje y Saneamiento,Por postular,2026-09-02,,https://cl.computrabajo.com/ofertas-de-trabajo/oferta-de-trabajo-de-ingeniero-de-proyecto-de-drenaje-en-santiago-providencia-6139487FD94FC5B361373E686DCF3405,"Publicado hace 27 días (reactualizada hace 2 días). Verificado activo el 2026-09-29. Pide 3 a 5 años: encaje directo. Desarrollo y coordinación de estudios y diseños hidráulicos de drenaje y saneamiento en Providencia; encaje directo con tu experiencia en obras hidráulicas y agua potable.",Alto
No especificada (aviso en Computrabajo),Ingeniero/a Civil Encargado/a de Diseño – Reemplazo,"Viña del Mar, Valparaíso",Hidráulica / Diseño de Obras Hidráulicas y Civiles,Por postular,2026-09-02,,https://cl.computrabajo.com/ofertas-de-trabajo/oferta-de-trabajo-de-ingenieroa-civil-encargadoa-de-diseno-reemplazo-vina-del-mar-en-vina-del-mar-134DB4A08F9090F961373E686DCF3405,"Publicado hace 27 días (reactualizada hace 2 días). Verificado activo el 2026-09-29. Pide 4 años: encaje directo. OJO: es reemplazo temporal 'durante el mes de septiembre' que ya está terminando — postula de inmediato o probablemente cierre en los próximos días. Diseños de obras hidráulicas y civiles, gestión de permisos sanitarios; renta $2.340.000 bruto.",Alto
SACYR,Ingeniero/a de Planificación Agua (Programador Primavera P6),"Santiago, Región Metropolitana",Planificación de Proyectos / Agua,Por postular,2026-08-31,,https://www.linkedin.com/jobs/view/4424571728/,"Publicado hace 29 días (LinkedIn lo muestra reactualizado 'hace 1 semana'). Verificado activo el 2026-09-29 (+200 postulantes). Pide 5 años en cargos similares. Planificación y control de proyecto de agua (Primavera P6) para SACYR; ángulo: destaca tu experiencia en gestión de proyectos de agua potable y tranques.",Medio
R&Q Ingeniería,Especialista Hidráulico 6945-21 (Viña del Mar),"Valparaíso, Valparaíso",Hidráulica / Sanitaria,Por postular,2026-09-04,2026-11-03,https://www.trabajando.cl/trabajo-empleo/ingeniero+hidraulico/trabajo/6121581-especialista-hidraulico-6945-21-vina-del-mar,"Publicado hace 25 días. Verificado activo el 2026-09-29 (finaliza en 35 días). Pide 5 años: encaje directo. Licitación de proyecto de transporte en Viña del Mar (24 meses): alcantarillas, colectores de aguas lluvias, drenaje y redes de agua potable/alcantarillado; encaje directo con tu experiencia en obras hidráulicas y agua potable.",Alto
J.E.J. Ingeniería S.A,Especialista Geología e Hidrogeología Nivel B (Calama EP077),"Calama, Antofagasta",Hidrogeología / Recursos Hídricos,Por postular,2026-09-06,,https://cl.computrabajo.com/ofertas-de-trabajo/oferta-de-trabajo-de-especialista-geologia-e-hidrogeologia-calama-ep077-en-calama-6337C1397C01BE1F61373E686DCF3405,"Publicado hace 23 días. Verificado activo el 2026-09-29. El aviso tiene dos niveles: Nivel A pide 10 años (no aplica) y Nivel B pide 5 años (postula a este). Apoyo técnico en evaluación geológica e hidrogeológica para licitación ITO de cliente minero en Calama; encaje directo con tu experiencia en estudios hidrogeológicos y vulnerabilidad de acuíferos. SEÑAL: J.E.J. sigue publicando múltiples avisos de agua/relaves en Salamanca y Calama: vale contacto directo.",Alto
Ausenco,"Project Engineer, Junior","Santiago, Región Metropolitana",Ingeniería de Proyectos / Minería,Por postular,2026-09-14,,https://careers.ausenco.com/jobs/project-engineer-junior-santiago-region-metropolitana-de-santiago-chile,"Publicado hace 15 días. Verificado activo el 2026-09-29. Pide 1 a 3 años: encaje directo. Rol de coordinación y seguimiento de proyectos de ingeniería minera para Ausenco (consultora minera grande); cargo amplio, buena puerta de entrada dado tu perfil junior.",Medio
J.E.J. Ingeniería S.A,Ingeniero/a Especialista Tranque - Salamanca,"Salamanca, Coquimbo",Relaves / Tranques,Por postular,2026-09-28,,https://cl.computrabajo.com/ofertas-de-trabajo/oferta-de-trabajo-de-ingenieroa-especialista-tranque-salamanca-en-coquimbo-C1C9E12433BBEEE561373E686DCF3405,"Publicado hace 19 horas (repost de J.E.J. tras vencer la versión anterior). Verificado activo el 2026-09-29. Pide 5 años en tranques de relaves y/o gestión geotécnica. Servicio de Apoyo Técnico Gerencia Tranque (36 meses), operación y estabilidad del tranque; directamente relacionado con tu diplomado en transporte de relaves. SEÑAL: J.E.J. Ingeniería publica constantemente en Salamanca/Coquimbo (tranques, fluidos, hidrogeología): vale contacto directo con su gerencia de RR.HH.",Alto
WSP Chile y Argentina,Modelador Hidrogeológico Junior / Minería,"Santiago, Región Metropolitana",Hidrogeología / Modelación Minera,Por postular,2026-09-29,,https://cl.linkedin.com/jobs/view/modelador-hidrogeol%C3%B3gico-junior-miner%C3%ADa-at-wsp-chile-y-argentina-4464431347,"Publicado hoy (hace 3 horas). Verificado activo el 2026-09-29. Pide solo 6 meses de experiencia; título exigido explícitamente Ingeniero Civil Hidráulico. Desarrollo de modelos hidrogeológicos numéricos 2D/3D para minería en oficina Santiago; encaje directo con tu perfil junior y tu experiencia en estudios hidrogeológicos y de vulnerabilidad de acuíferos. WSP es consultora global líder en agua y minería: vale seguirla de cerca.",Alto
Anglo American,Supervisor de Obras Civiles (Planta Tratamiento Aguas),"Santiago (turno 5x2, Los Bronces / Las Tórtolas)",Agua Potable / Tratamiento de Aguas,Por postular,2026-09-28,,https://cl.linkedin.com/jobs/view/supervisor-de-obras-civiles-planta-tratamiento-aguas-at-anglo-american-4470877024,"Publicado hace 1 día. Verificado activo el 2026-09-29 (134 postulantes). Pide al menos 5 años en operación/mantenimiento de PTAS/PTAP: encaje directo. Gestión de plantas de tratamiento de aguas servidas y agua potable en faena Los Bronces de Anglo American (minera de primer nivel); encaje directo con tu experiencia en agua potable.",Alto
BBA Consultants,"Civil or Mining Engineer – Geotechnics, Tailings and/or Hydraulics","Santiago, Región Metropolitana",Relaves / Geotecnia / Hidráulica Minera,Por postular,2026-09-23,,https://cl.linkedin.com/jobs/view/civil-or-mining-engineer-%E2%80%93-geotechnics-tailings-and-or-hydraulics-at-bba-consultants-4373762494,"Publicado hace 6 días. Verificado activo el 2026-09-29 (+200 postulantes). Pide al menos 5 años en estabilidad, monitoreo, gestión de relaves y diseño hidráulico: encaje directo. Consultora canadiense especializada en relaves y depósitos mineros (BBA); tu diplomado en transporte de relaves aplica directamente. Aviso en inglés, valora inglés avanzado.",Alto
Grupo Expro (Empresa Confidencial),Ingeniero(a) de Modelación e Infraestructura Sanitaria Junior,"Santiago, Región Metropolitana",Agua Potable / Modelación Hidráulica Sanitaria,Por postular,2026-09-23,,https://cl.linkedin.com/jobs/view/ingeniero-a-de-modelaci%C3%B3n-e-infraestructura-sanitaria-junior-at-empresa-confidencial-4468930519,"Publicado hace 6 días. Verificado activo el 2026-09-29 (115 postulantes). Pide hasta 3 años; título Ingeniería Civil Hidráulica/Sanitaria explícito. Modelación hidráulica de redes de agua potable y aguas servidas para importante empresa sanitaria (Grupo Expro); encaje directo con tu experiencia en agua potable.",Alto
